IDArticle,Article,ArticleCleaned,IDAr_Couleur,Code
17883,YOTTE D1 MENTHOL,YOTTE D1 MENTHOL,0,AEND41A
17104,YOTTE D1 BLEU MARINE,YOTTE D1 BLEU MARINE,0,AEND41A
17882,YOTTE D1 AUBERGINE ,YOTTE D1 AUBERGINE,0,AEND41A
17421,WILLA P1 FRAMBOISE,WILLA P1 FRAMBOISE,0,AENP98A
17419,WILLA P1 BLEU MARINE ,WILLA P1 BLEU MARINE,0,AENP98A
17391,VIVANE SH1 VERT,VIVANE SH1 VERT,0,XENB033
17389,VIVANE SH1 MOKA,VIVANE SH1 MOKA,0,XENB033
17395,VIVANE SH1 KAKI,VIVANE SH1 KAKI,0,XENB033
17388,VIVANE SH1 ECRU,VIVANE SH1 ECRU,0,XENB033
17476,VESTE K1,VESTE K1,1161,BHNK073
16500,VESTE K1,VESTE K1,1161,BHNK073
17370,VANILLE R1 ROUGE,VANILLE R1 ROUGE,0,AENR272A
17372,VANILLE R1 NOIR,VANILLE R1 NOIR,0,AENR272A
17371,VANILLE R1 ECRU,VANILLE R1 ECRU,0,AENR272A
15765,VALERIA R1,VALERIA R1,0,BHNR469
17475,VALERIA R1,VALERIA R1,0,BHNR469
16682,TWIGY R1,TWIGY R1,2114,BHNR457
17473,TWIGY R1,TWIGY R1,2114,BHNR457
17474,TWIGY R1,TWIGY R1,2114,BHNR457
17336,TWEEDY V1,TWEEDY V1,0,BHNW353
16064,TWEEDY V1,TWEEDY V1,0,BHNW353
195,TWEEDY V1,TWEEDY V1,0,BHNW353
213,TWEEDY SH1,TWEEDY SH1,0,BHNB108
16063,TWEEDY SH1,TWEEDY SH1,0,BHNB108
17337,TWEEDY SH1,TWEEDY SH1,0,BHNB108
18081,TARA C1 VERT RIO,TARA C1 VERT RIO,0,CENC008
18080,TARA C1 NOIR,TARA C1 NOIR,0,CENC008
18078,TARA C1 ECRU,TARA C1 ECRU,0,CENC008
17937,TARA C1,TARA C1,0,BHNC368
17938,TARA C1,TARA C1,0,BHNC368
17584,TARA C1,TARA C1,0,AENC213A
17934,TARA C1,TARA C1,0,BHNC368
17583,TARA C1,TARA C1,0,AENC213A
17585,TARA C1,TARA C1,0,AENC213A
16339,TANA C1 NOIR,TANA C1 NOIR,0,XENC404
16338,TANA C1 ECRU,TANA C1 ECRU,0,XENC404
17667,SWEAT AVEC BOUTONS,SWEAT AVEC BOUTONS,0,BHNS049
17666,SWEAT AVEC BOUTONS,SWEAT AVEC BOUTONS,0,BHNS049
16062,SORIA J1 ,SORIA J1,0,AENJ58A
16264,SORIA J1,SORIA J1,0,AENJ58A
16263,SORIA J1,SORIA J1,0,AENJ58A
17527,SKIMONA,SKIMONA,0,AENXU006
17526,SKIMONA,SKIMONA,0,AENXU006
17525,SKIMONA,SKIMONA,0,AENXU006
232,SIMON ML VERT,SIMON ML VERT,0,AENT190A
15892,SIMON ML NOIR,SIMON ML NOIR,0,AENT190A
222,SIMON ML ECRU,SIMON ML ECRU,0,AENT190A
17571,SIDONIE R1,SIDONIE R1,0,AENR278A
17572,SIDONIE R1,SIDONIE R1,0,AENR278A
17570,SIDONIE R1,SIDONIE R1,0,AENR278A
16137,SEVERIN C1,SEVERIN C1,0,AENC170A
16136,SEVERIN C1,SEVERIN C1,0,AENC170A
16135,SEVERIN C1,SEVERIN C1,0,AENC170A
17180,SANDY SH1 NOIR,SANDY SH1 NOIR,0,AENB74A
17210,SANDY SH1 ECRU,SANDY SH1 ECRU,0,AENB74A
17522,SADIE,SADIE,0,AENXU001
17520,SADIE,SADIE,0,AENXU001
17521,SADIE,SADIE,0,AENXU001
15915,SABRA C1,SABRA C1,0,AENC056
17619,ROSY R1 ORANGE,ROSY R1 ORANGE,0,AENR279A 
17620,ROSY R1 BLEU MARINE ,ROSY R1 BLEU MARINE,0,AENR279A 
17953,ROSA SLIM STONE,ROSA SLIM STONE,0,BHNP211
17954,ROSA SLIM NOIR,ROSA SLIM NOIR,0,BHNP211
18129,ROSA SLIM GRIS,ROSA SLIM GRIS,0,BHNP211
17952,ROSA SLIM BRUT,ROSA SLIM BRUT,0,BHNP211
17941,ROSA R2,ROSA R2,0,BHNR505
17942,ROSA R2,ROSA R2,0,BHNR505
17947,ROSA P2,ROSA P2,0,BHNP207
17948,ROSA P2,ROSA P2,0,BHNP207
18127,ROSA K1 NOIR,ROSA K1 NOIR,0,BHNK092
17949,ROSA K1,ROSA K1,0,BHNK092
18128,ROSA C1 ECRU,ROSA C1 ECRU,0,BHNC351
17832,ROSA C1 BRUT,ROSA C1 BRUT,0,BHNC351
18169,RONIE C1 LAGON,RONIE C1 LAGON,0,BHNC358
17364,RONIE C1 ECRU,RONIE C1 ECRU,0,BHNC358
17378,RONIE C1 BLEU MARINE,RONIE C1 BLEU MARINE,0,BHNC358
17696,Robe courte avec insert fleurs en tulle bretelles amovibles,Robe courte avec insert fleurs en tulle bretelles amovibles,0,AENR410
17890,ROBBIE R1 ROSE POUDRE ,ROBBIE R1 ROSE POUDRE,0,AENR291A
17889,ROBBIE R1 BLEU ELECTRIQUE ,ROBBIE R1 BLEU ELECTRIQUE,0,AENR291A
17951,RIO P1 NAVY,RIO P1 NAVY,0,BHNP208
16329,RIO P1 FICELLE,RIO P1 FICELLE,0,BHNP208
140,REMIE SM ECRU/ROUGE,REMIE SM ECRU/ROUGE,0,DNT16Z
141,REMIE SM BLEU MARINE/ECRU,REMIE SM BLEU MARINE/ECRU,0,DNT16Z
17131,READY V1,READY V1,0,CENW001
16381,PLUMIA R1 ROUGE,PLUMIA R1 ROUGE,0,AENR163
16845,PINKY C1 Rose,PINKY C1 Rose,0,AENC082
16082,PINKY C1,PINKY C1,0,AENC082
16307,PIATA R1,PIATA R1,0,AENR234A
16306,PIATA R1,PIATA R1,0,AENR234A
16411,PETTE R1 BLEU,PETTE R1 BLEU,0,AENR163
17936,PERNILLA D1 MC KAKI,PERNILLA D1 MC KAKI,0,BHND352
17935,PERNILLA D1 MC ECRU,PERNILLA D1 MC ECRU,0,BHND352
17297,PEPITA V1 rouge,PEPITA V1 rouge,0,AENW58A
17298,PEPITA V1 NUDE ,PEPITA V1 NUDE,0,AENW58A 
17299,PEPITA V1 BLEU MAJORELLE ,PEPITA V1 BLEU MAJORELLE,0,AENW58A 
16204,PEPITA V1,PEPITA V1,0,AENW58A
17295,PEPITA P1 NUDE ,PEPITA P1 NUDE,0,AENP106A
16075,PEPITA P1 NOIR,PEPITA P1 NOIR,0,AENP106A
17294,PEPITA P1 BLEU MAJORELLE ,PEPITA P1 BLEU MAJORELLE,0,AENP106A
18145,PENELOPE P1 ECRU,PENELOPE P1 ECRU,0,AENP92A
17642,PENELOPE P1 DENIM  STONE WASH ,PENELOPE P1 DENIM STONE WASH,0,AENP92A
16149,PELOU C1,PELOU C1,0,AENC056
16896,PAMIE P1  CAMEL,PAMIE P1 CAMEL,0,AENP90A 
16897,PAMIE P1  BLEU PETROLE,PAMIE P1 BLEU PETROLE,0,AENP90A 
106,PAMI P1 NOIR,PAMI P1 NOIR,0,PAMI P1
96,PAMI P1 CAMEL,PAMI P1 CAMEL,0,PAMI P1
107,PAMI P1 BLEU PETROLE,PAMI P1 BLEU PETROLE,0,PAMI P1
16311,PALOMA C1 PRUNE,PALOMA C1 PRUNE,0,AENC187A
16312,PALOMA C1 ORANGE FLUO,PALOMA C1 ORANGE FLUO,0,AENC187A
4563,PALOMA C1,PALOMA C1,478,MENC10C
4443,PALOMA C1,PALOMA C1,478,MENC10C
17961,OTEL S2 NOIR,OTEL S2 NOIR,0,BHNS187
17962,OTEL S2 GRIS CHINE,OTEL S2 GRIS CHINE,0,BHNS187
17963,OTEL S2 ECRU,OTEL S2 ECRU,0,BHNS187
17496,OSLO C1,OSLO C1,0,AENC325
17497,OSLO C1,OSLO C1,0,AENC325
17498,OSLO C1,OSLO C1,0,AENC325
70,ORELIA SM ECRU/MARINE,ORELIA SM ECRU/MARINE,0,ORELIA SM
76,ORELIA SM ECRU/KAKI,ORELIA SM ECRU/KAKI,0,ORELIA SM
61,OPHELIE MC NOIR,OPHELIE MC NOIR,0,OPHELIE MC
64,OPHELIE MC ECRU,OPHELIE MC ECRU,0,OPHELIE MC
71,OPHELIE MC DALIAH,OPHELIE MC DALIAH,0,OPHELIE MC
62,OMOANA T1 VERT GREEN,OMOANA T1 VERT GREEN,0,OMOANA T1
56,OMOANA T1 NOIR,OMOANA T1 NOIR,0,OMOANA T1
67,OMOANA T1 ECRU / MARINE RAYE,OMOANA T1 ECRU / MARINE RAYE,0,OMOANA T1
75,OMOANA T1 ECRU,OMOANA T1 ECRU,0,OMOANA T1
15924,OMER,OMER,0,AENT083
82,OMALHIA,OMALHIA,0,AENT157
16716,OLYMPIA T1 ROSE PALE,OLYMPIA T1 ROSE PALE,2117,BHNT103
18057,OLYMPIA T1 NOIR,OLYMPIA T1 NOIR,2117,BHNT103
17902,OLFA SM MALACHITE,OLFA SM MALACHITE,0,AENT100 
17901,OLFA SM BLEU MARINE ,OLFA SM BLEU MARINE,0,AENT100 
17906,OJIMMY SM SANGUINE,OJIMMY SM SANGUINE,0,AENT343
17905,OJIMMY SM ECRU,OJIMMY SM ECRU,0,AENT343
17908,OJIMMY SM BLEU MAJORETTE,OJIMMY SM BLEU MAJORETTE,0,AENT343
72,OJASON T1 NOIR,OJASON T1 NOIR,0,OJASON T1
69,OJASON T1 ECRU,OJASON T1 ECRU,0,OJASON T1
17734,OJAMIE SM NAVY,OJAMIE SM NAVY,0,DNT19Z
17733,OJAMIE SM MENTHOL,OJAMIE SM MENTHOL,0,DNT19Z
18067,OJAMIE SM MENTHOL,OJAMIE SM MENTHOL,0,BHNT185
18066,OJAMIE SM MARINE,OJAMIE SM MARINE,0,BHNT185
17732,OJAMIE SM ECRU,OJAMIE SM ECRU,0,BHNT185
15956,OJAMIE SM ,OJAMIE SM,0,DNT19Z
16912,ODIDO T1 ROSE,ODIDO T1 ROSE,0,AENT231A
16858,ODIDO T1 NOIR,ODIDO T1 NOIR,0,AENT231A
16292,OCOEUR MC ,OCOEUR MC,156,AENT86
626,OCOEUR MC ,OCOEUR MC,156,AENT86
16127,OCHABADA R1 NOIR,OCHABADA R1 NOIR,0,AENR126
16111,OCHABADA BLEU MARINE,OCHABADA BLEU MARINE,0,AENR126
16287,OBAYA MC ROSE,OBAYA MC ROSE,33,AENT142
16288,OBAYA MC MARINE ,OBAYA MC MARINE,33,AENT142
582,OBAYA MC ELECTRIC BLEU ,OBAYA MC ELECTRIC BLEU,33,AENT142
16289,OBAYA MC BLANC,OBAYA MC BLANC,33,AENT142
15688,NUCIE V1 NOIR,NUCIE V1 NOIR,0,AENW44A
15687,NUCIE P1 NOIR,NUCIE P1 NOIR,133,AENP78A
16915,NOVO GILET ML,NOVO GILET ML,0,AENG23A
16914,NOVO GILET ML,NOVO GILET ML,0,AENG23A
17507,NOUDET MC,NOUDET MC,0,AENU139A
17508,NOUDET MC,NOUDET MC,0,AENU139A
17509,NOUDET MC,NOUDET MC,0,AENU139A
16918,NORMA 2 ML,NORMA 2 ML,0,AENU119A
16917,NORMA 2 ML,NORMA 2 ML,0,AENU119A
251,NICOLETTA VERT,NICOLETTA VERT,0,AENU109A
248,NICOLETTA MARINE,NICOLETTA MARINE,0,AENU109A
242,NEPAL ROSE CONTRASTE BLANC,NEPAL ROSE CONTRASTE BLANC,0,AENU107A
245,NEPAL BLEU CHINE DU SWATCH,NEPAL BLEU CHINE DU SWATCH,0,AENU107A
18172,NEELOU R2 BRET VANILLE,NEELOU R2 BRET VANILLE,0,AENR425
18171,NEELOU R2 BRET NAVY,NEELOU R2 BRET NAVY,0,AENR425
18170,NEELOU R2 BRET AUBERGINE,NEELOU R2 BRET AUBERGINE,0,AENR425
17880,NEELOU R1 VANILLE ,NEELOU R1 VANILLE,0,AENR292A 
18138,NEELOU R1 VANILLE,NEELOU R1 VANILLE,0,BHNR542
18139,NEELOU R1 NAVY,NEELOU R1 NAVY,0,BHNR542
17881,NEELOU R1 NAVY,NEELOU R1 NAVY,0,AENR292A 
18137,NEELOU R1 AUBERGINE,NEELOU R1 AUBERGINE,0,BHNR542
18176,NEELOU C1 VANILLE,NEELOU C1 VANILLE,0,AENC398
18174,NEELOU C1 NAVY,NEELOU C1 NAVY,0,AENC398
18175,NEELOU C1 AUBERGINE,NEELOU C1 AUBERGINE,0,AENC398
17355,NALISSA J2 JAUNE/NOIR,NALISSA J2 JAUNE/NOIR,0,BHNJ300
17356,NALISSA J2 JAUNE/AMANDE,NALISSA J2 JAUNE/AMANDE,0,BHNJ300
17511,NADINE MC,NADINE MC,0,AENU300
17510,NADINE MC,NADINE MC,0,AENU300
15920,MORA V1 ROSE,MORA V1 ROSE,0,AENW60A
16188,MORA K1 VERT,MORA K1 VERT,0,AENW60A
136,MODA V1 NOIR,MODA V1 NOIR,0,AENW47A
133,MODA V1 KAKI,MODA V1 KAKI,0,AENW47A
123,MODA V1 ECRU,MODA V1 ECRU,0,AENW47A
135,MODA P1 NOIR,MODA P1 NOIR,0,AENP84A
134,MODA P1 KAKI,MODA P1 KAKI,0,AENP84A
125,MODA P1 ECRU,MODA P1 ECRU,0,AENP84A
17200,MOCHI ML MENTHOL,MOCHI ML MENTHOL,0,AENU135A
17197,MOCHI ML ECRU,MOCHI ML ECRU,0,AENU135A
294,MLOUISA R1 VERT GREEN,MLOUISA R1 VERT GREEN,0,AENR101
295,MLOUISA R1,MLOUISA R1,0,AENR101
17886,MLEONARDO GILET ECRU,MLEONARDO GILET ECRU,169,AENG10
408,MLEONARDO GILET,MLEONARDO GILET,169,AENG10
17854,MIRANDI M1,MIRANDI M1,0,BHNH028
17790,MINA VN,MINA VN,0,BHNU412
17789,MINA VN,MINA VN,0,BHNU412
17788,MINA VN,MINA VN,0,BHNU412
17784,MINA HN,MINA HN,0,BHNU409
17785,MINA HN,MINA HN,0,BHNU409
17786,MINA HN,MINA HN,0,BHNU409
184,MILOS C1 NAVY,MILOS C1 NAVY,0,AENC102A
186,MILOS C1 ECRU,MILOS C1 ECRU,0,AENC102A
17368,MILLIE V1 ECRU,MILLIE V1 ECRU,0,AENW77A
17381,MILLIE V1 BLEU ELECTRIQUE ,MILLIE V1 BLEU ELECTRIQUE,0,AENW77A
16836,MILLIE SH1 ECRU,MILLIE SH1 ECRU,0,AENB86A
17382,MILLIE SH1,MILLIE SH1,0,AENB86A
16265,MILA J1,MILA J1,0,AENJ147
16266,MILA J1,MILA J1,0,AENJ147
17852,MIKIE R1 NUDE ,MIKIE R1 NUDE,0,BHNR401
16877,MIKIE R1,MIKIE R1,0,BHNR401
17778,MFANNY,MFANNY,0,BHNU403
17779,MFANNY,MFANNY,0,BHNU403
17868,MENYA BLEU MAJORETTE ,MENYA BLEU MAJORETTE,0,AENXA001 
17867,MENYA AMANDE ,MENYA AMANDE,0,AENXA001 
17386,MARINA SH1 ROUGE ,MARINA SH1 ROUGE,0,AENB031
17387,MARINA SH1 BLEU,MARINA SH1 BLEU,0,AENB031
17330,MARIE R1,MARIE R1,0,BHNR73A
15829,MARIE R1,MARIE R1,0,BHNR73A
16299,MARGARET C1 ROSE,MARGARET C1 ROSE,0,BHNC001
16298,MARGARET C1 NUDE,MARGARET C1 NUDE,0,BHNC001
16300,MARGARET C1 NOIR,MARGARET C1 NOIR,0,BHNC001
17916,MAMBO C1 NOIR,MAMBO C1 NOIR,0,XENC430
17915,MAMBO C1 ECRU,MAMBO C1 ECRU,0,XENC430
17914,MAMBO C1 BORDEAUX,MAMBO C1 BORDEAUX,0,XENC430
16350,MALONE ML ,MALONE ML,0,BHNU415
17783,MALIKA ML,MALIKA ML,0,BHNU405
17782,MALIKA ML,MALIKA ML,0,BHNU405
17781,MALIKA ML,MALIKA ML,0,BHNU405
17780,MALIKA ML,MALIKA ML,0,BHNU405
16283,MAGNOLIA R1 ROUGE,MAGNOLIA R1 ROUGE,0,AENR206A
16203,MAGNOLIA R1,MAGNOLIA R1,0,AENR206A
15854,MAE C1 WAFFE FOIL DESS,MAE C1 WAFFE FOIL DESS,0,AENC156A
15855,MAE C1 PRINT WARIANTE,MAE C1 PRINT WARIANTE,0,AENC156A
138,MADERA V1 BLEU MARINE,MADERA V1 BLEU MARINE,0,YHNW53A
15896,MADERA V1,MADERA V1,0,YHNW53A
139,MADERA P1 FAUVE,MADERA P1 FAUVE,0,YHNP154A
131,MADERA P1 BLEU MARINE,MADERA P1 BLEU MARINE,0,YHNP154A
16163,MABELLE P1 SABLE,MABELLE P1 SABLE,0,AENP89A
95,MABELLE P1 NOIR,MABELLE P1 NOIR,0,AENP89A
17979,M-CEDRE 1,M-CEDRE 1,0,BHNU415
252,LUCILLE V1 GRIS ANTHRA,LUCILLE V1 GRIS ANTHRA,0,AENW44A
236,LUCILLE P1 GRIS ANTHRA,LUCILLE P1 GRIS ANTHRA,133,AENP78A
16284,LOVY C1 ECRU/BLEU,LOVY C1 ECRU/BLEU,0,AENC418
16846,LOVY C1,LOVY C1,0,AENC418
17286,LOVA C1,LOVA C1,486,AENC104A
4475,LOVA C1,LOVA C1,486,AENC104A
7625,LOVA C1,LOVA C1,486,AENC104A
18114,LOUNA R2 NOIR,LOUNA R2 NOIR,174,BHNR453
16659,LOUNA R2,LOUNA R2,174,BHNR453
18079,LORINA R1 BLEU MARINE,LORINA R1 BLEU MARINE,0,AENR241A
17737,LORINA R1 BLEU ELECTRIQUE ,LORINA R1 BLEU ELECTRIQUE,0,AENR241A
16837,LORINA R1,LORINA R1,0,AENR241A
17606,LORETTE R1 ROUGE ,LORETTE R1 ROUGE,0,AENR242A
17674,LORETTE R1 NUDE ,LORETTE R1 NUDE,0,AENR242A 
17673,LORETTE R1 MENTHOL,LORETTE R1 MENTHOL,0,AENR242A 
16838,LORETTE R1,LORETTE R1,0,AENR242A
16259,LOCKY MC ,LOCKY MC,0,AENT157
17307,LIZZY J1,LIZZY J1,122,BHNJ289
17301,LIZZY J1,LIZZY J1,122,BHNJ289
16059,LIVRY R1 ORANGE,LIVRY R1 ORANGE,0,AENR185A
16341,LIVRY R1 NOIR,LIVRY R1 NOIR,0,AENR185A
16080,LIPSYICK C1 ,LIPSYICK C1,0,XENC400
16176,LIPSTICK C1 ,LIPSTICK C1,0,XENC400
17918,LIGNE J1 VERT/ROSE,LIGNE J1 VERT/ROSE,0,BHNJ302
16833,LIGNE J1 ROSE/VERT,LIGNE J1 ROSE/VERT,0,BHNJ302
17919,LIGNE C2 VERT/ROSE,LIGNE C2 VERT/ROSE,0,BHNC360
16832,LIGNE C2 ROSE/VERT,LIGNE C2 ROSE/VERT,0,BHNC360
18154,LIDY T1 PURPLE,LIDY T1 PURPLE,0,AENT243A 
18153,LIDY T1 ECRU,LIDY T1 ECRU,0,AENT243A 
17513,LIDO,LIDO,0,AENXM004
17514,LIDO,LIDO,0,AENXM004
17225,LIDIA R1 ROUGE,LIDIA R1 ROUGE,0,AENR341
17224,LIDIA R1 ROSE,LIDIA R1 ROSE,0,AENR341
17226,LIDIA R1 NOIR,LIDIA R1 NOIR,0,AENR341
17736,LIBERTA R1 MELON,LIBERTA R1 MELON,0,AENR245A 
17899,LIBERTA R1 BLEU MAJORELLE,LIBERTA R1 BLEU MAJORELLE,0,AENR245A 
17636,LIBERTA C1 VANILLE,LIBERTA C1 VANILLE,0,AENC196A
16891,LIBERTA C1,LIBERTA C1,0,AENC196A
29,LEONIE G1 NOIR,LEONIE G1 NOIR,0,LEONIE G1
151,LEONIE G1 CREME,LEONIE G1 CREME,0,LEONIE G1
16380,LENISON R1 NOIR,LENISON R1 NOIR,0,AENR163
16908,LAVNA R1 ROUGE,LAVNA R1 ROUGE,0,AENR212A
15919,LAVNA R1 ECRU,LAVNA R1 ECRU,0,AENR212A
16909,LAVNA R1 BLEU ELECTRIC,LAVNA R1 BLEU ELECTRIC,0,AENR212A
17144,LAPLISSE J1 VIOLET,LAPLISSE J1 VIOLET,122,XENJ413
17149,LAPLISSE J1 VERT/NOIR,LAPLISSE J1 VERT/NOIR,122,XENJ413 
17151,LAPLISSE J1 VERT,LAPLISSE J1 VERT,122,XENJ413  
17145,LAPLISSE J1 ROSE,LAPLISSE J1 ROSE,122,XENJ413 
17156,LAPLISSE J1 ORANGER/ECRU,LAPLISSE J1 ORANGER/ECRU,122,XENJ413
17146,LAPLISSE J1 NOIR/MARRRON,LAPLISSE J1 NOIR/MARRRON,122,XENJ413 
17154,LAPLISSE J1 NOIR/ECRU,LAPLISSE J1 NOIR/ECRU,122,XENJ413 
17147,LAPLISSE J1 MARINE/BLANC,LAPLISSE J1 MARINE/BLANC,122,XENJ413 
17148,LAPLISSE J1 KAKI,LAPLISSE J1 KAKI,122,XENJ413 
17155,LAPLISSE J1 FLEURI,LAPLISSE J1 FLEURI,122,XENJ413 
17150,LAPLISSE J1 ECRU,LAPLISSE J1 ECRU,122,XENJ413  
17153,LAPLISSE J1 BLEU MARINE,LAPLISSE J1 BLEU MARINE,122,XENJ413  
17152,LAPLISSE J1 BEIGE/NOIR,LAPLISSE J1 BEIGE/NOIR,122,XENJ413  
17129,LAPLISSE J1,LAPLISSE J1,122,XENJ413
15902,LALY R1 VERT,LALY R1 VERT,0,AENR70A
15916,LALY R1 ROUGE BAISER,LALY R1 ROUGE BAISER,0,AENR70A
287,LALY R1,LALY R1,0,AENR70A
18118,LADY R1 VIOLINE,LADY R1 VIOLINE,0,BHNR539
565,LADY R1 VERT,LADY R1 VERT,101,AENR99
18117,LADY R1 NOIR,LADY R1 NOIR,0,BHNR539
16286,LADY R1,LADY R1,101,AENR99
17208,LACOYOTE R1 SABLE,LACOYOTE R1 SABLE,54,AENR100
509,LACOYOTE R1 KAKI,LACOYOTE R1 KAKI,54,AENR100
17885,KOLINE D1 ROSE POUDRE ,KOLINE D1 ROSE POUDRE,0,AEND46A 
17872,KOLINE D1 MASTIC ,KOLINE D1 MASTIC,0,AEND46A 
16175,KEYLA C1 noir,KEYLA C1 noir,0,XENC401
16081,KEYLA C1,KEYLA C1,0,XENC401
17326,KELLY R1,KELLY R1,0,BHNR468
15764,KELLY R1,KELLY R1,0,BHNR468
17316,KATY J1,KATY J1,0,BHNJ62A
17315,KATY J1,KATY J1,0,BHNJ62A
16086,KATAMO J1 BLEU MARINE,KATAMO J1 BLEU MARINE,0,AENJ053
16237,KATAMO J1,KATAMO J1,0,AENJ053
17194,KANY R2 VERT,KANY R2 VERT,0,XENR410A
17192,KANY R2 ROUGE,KANY R2 ROUGE,0,XENR410A
17193,KANY R2 NOIR,KANY R2 NOIR,0,XENR410A
17179,KAMILA R1 BORDEAUX,KAMILA R1 BORDEAUX,0,YHNR345A
15680,KAMILA R1 BLEU MAJORELLE,KAMILA R1 BLEU MAJORELLE,0,YHNR345A
187,KALAMATA T1 NOIR,KALAMATA T1 NOIR,0,AENT195A
15895,KALAMATA T1 ECRU,KALAMATA T1 ECRU,0,AENT195A
15799,KACTUS R1 VERT,KACTUS R1 VERT,0,CENR001
18053,KACTUS R1 ROSE,KACTUS R1 ROSE,0,CENR001
18055,KACTUS J1 VERT,KACTUS J1 VERT,0,CENJ001
18058,KACTUS J1 ROSE,KACTUS J1 ROSE,0,CENJ001
17376,JUSSIA J1 ROUGE,JUSSIA J1 ROUGE,0,AENJ116A
17375,JUSSIA J1 KAKI,JUSSIA J1 KAKI,0,AENJ116A
17377,JUSSIA J1 BLEU,JUSSIA J1 BLEU,0,AENJ116A
18152,JUNIE R1 MENTHOL,JUNIE R1 MENTHOL,0,AENR239A 
18151,JUNIE R1 FRAMBOISE ,JUNIE R1 FRAMBOISE,0,AENR239A 
18150,JUNIE R1 AUBERGINE  ,JUNIE R1 AUBERGINE,0,AENR239A 
17683,JOHANNA SH1 MAGNOLIA ,JOHANNA SH1 MAGNOLIA,0,AENB79A
17603,JOHANNA SH1 BLEU ELECTRIQUE ,JOHANNA SH1 BLEU ELECTRIQUE,0,AENB79A
117,JEAN SM VERT RIO,JEAN SM VERT RIO,0,AENT181A
211,JEAN SM VANILLE,JEAN SM VANILLE,0,AENT181A
120,JEAN SM ROUGE FEU,JEAN SM ROUGE FEU,0,AENT181A
128,JEAN SM PRUNE,JEAN SM PRUNE,0,AENT181A
126,JEAN SM NOIR,JEAN SM NOIR,0,AENT181A
17418,JADY ML ECRU/ROUGE ,JADY ML ECRU/ROUGE,168,DNT24Z
889,JADY ML,JADY ML,168,DNT24Z
16417,INESI C1 SMS,INESI C1 SMS,0,INESI C1
15795,INECI C1,INECI C1,0,INESI C1
277,HSATINE C1 ROSE,HSATINE C1 ROSE,0,AENC63A
276,HSATINE C1 NOIR,HSATINE C1 NOIR,0,AENC63A
278,HSATINE C1 ECRU,HSATINE C1 ECRU,0,AENC63A
302,HOURA C1 ROUGE PHARE,HOURA C1 ROUGE PHARE,0,AENC34
16320,HOURA C1 ,HOURA C1,0,AENC34
17499,HORTIE C1,HORTIE C1,0,AENC348
17500,HORTIE C1,HORTIE C1,0,AENC348
274,HORA C1 ROSE SAPHIR,HORA C1 ROSE SAPHIR,0,AENC62
273,HORA C1 NOIR,HORA C1 NOIR,0,AENC62
272,HORA C1 ECRU,HORA C1 ECRU,0,AENC62
275,HORA C1 BLEU WORKER,HORA C1 BLEU WORKER,0,AENC62
17690,HIZINA C1 ROSE SAPHIR ,HIZINA C1 ROSE SAPHIR,122,AENC51
372,HIZINA C1 NOIR,HIZINA C1 NOIR,122,AENC51
17848,HELMUT C1 ELECTRIC BLUE,HELMUT C1 ELECTRIC BLUE,156,AENC72
384,HELMUT C1 ECRU,HELMUT C1 ECRU,156,AENC72
247,HCAMO C1 MARINE,HCAMO C1 MARINE,0,AENC77
243,HCAMO C1 ELECTRIC BLUE,HCAMO C1 ELECTRIC BLUE,0,AENC77
16245,HARRY P1 BRUT,HARRY P1 BRUT,0,AENP118A
17664,HARRY P1 BLEU VINTAGE ,HARRY P1 BLEU VINTAGE,0,AENP118A
18011,HARLIE C1 ROUGE,HARLIE C1 ROUGE,0,BHNC353
18010,HARLIE C1 NOIR,HARLIE C1 NOIR,0,BHNC353
17837,HARLIE C1 ECRU,HARLIE C1 ECRU,0,BHNC353
101,HANIE C1 VANILLE,HANIE C1 VANILLE,0,HANIE C1
87,HANIE C1 NUDE,HANIE C1 NUDE,0,HANIE C1
250,HALVA C1 ROSIER,HALVA C1 ROSIER,0,AENC75
229,HALVA C1 NOIR,HALVA C1 NOIR,0,AENC75
226,HALVA C1 BLANC,HALVA C1 BLANC,0,AENC75
17502,HAGENDA C1,HAGENDA C1,0,AENC350
17501,HAGENDA C1,HAGENDA C1,0,AENC350
16744,H-MILOU C1 BLUSH,H-MILOU C1 BLUSH,2062,BHNC189
18121,H-MILOU C1 BLANC OPTIQUE,H-MILOU C1 BLANC OPTIQUE,2062,BHNC189
18007,H-ETOILE C1 ECRU,H-ETOILE C1 ECRU,0,BHNC379
18006,H-ETOILE C1 BLUSH,H-ETOILE C1 BLUSH,0,BHNC379
18042,H-CONTRASTE C1 NOIR/ECRU,H-CONTRASTE C1 NOIR/ECRU,165,BHNC183
16737,H-CONTRASTE C1 ECRU/NOIR,H-CONTRASTE C1 ECRU/NOIR,165,BHNC183
17333,H-COLINE C1 NOIR,H-COLINE C1 NOIR,0,BHNC395
17332,H-COLINE C1 BLUSH,H-COLINE C1 BLUSH,0,BHNC395
16046,GWINA P1 STONE,GWINA P1 STONE,166,AENP31
16048,GWINA P1 NOIR,GWINA P1 NOIR,166,AENP31
479,GWINA P1 DOUBLE STONE,GWINA P1 DOUBLE STONE,166,AENP31
16253,GUILIA T1 VERT,GUILIA T1 VERT,0,AENT153
16258,GUILIA T1 ROSE,GUILIA T1 ROSE,0,AENT153
16256,GUILIA T1 MULTICOLOR,GUILIA T1 MULTICOLOR,0,AENT153
16254,GUILIA T1 CHOCO,GUILIA T1 CHOCO,0,AENT153
17380,GOLDIE D1 VANILLE,GOLDIE D1 VANILLE,0,AEND45A
17373,GOLDIE D1 NOIR,GOLDIE D1 NOIR,0,AEND45A
18014,GLORIA P2 NOIR,GLORIA P2 NOIR,0,BHNP217
18071,GLORIA P2 CEDRE ROUGE,GLORIA P2 CEDRE ROUGE,0,BHNP217
15610,GLORIA P1,GLORIA P1,0,BHNPA198
17317,GLORIA P1,GLORIA P1,0,BHNPA198
15668,GLORIA P1,GLORIA P1,0,BHNPA198
18072,GLORIA C1 ECRU,GLORIA C1 ECRU,0,BHNC385
18073,GLORIA C1 BLEU MARINE,GLORIA C1 BLEU MARINE,0,BHNC385
16218,GIULIA LUREX ROSE GOLD ,GIULIA LUREX ROSE GOLD,0,AENT083
16235,GIULIA LUREX PLISSE TOKYO,GIULIA LUREX PLISSE TOKYO,0,AENT083
16233,GIULIA LUREX GOLD FOIL,GIULIA LUREX GOLD FOIL,0,AENT083
17312,GANNY D1 ,GANNY D1,0,BHND347
17487,GANNY D1,GANNY D1,0,BHND347
12841,GAGATHA J1,GAGATHA J1,172,DNJ11Z
16335,GAGATHA J1,GAGATHA J1,172,DNJ11Z
813,GAGATHA J1,GAGATHA J1,172,DNJ11Z
480,GABIN P1 KAKI,GABIN P1 KAKI,157,AENP34
16330,GABIN P1,GABIN P1,157,AENP34
16332,GABIN P1,GABIN P1,157,AENP34
17050,GABBY R1,GABBY R1,0,YHNR262A
17049,GABBY R1,GABBY R1,0,YHNR262A
16409,FRANY P1 SAUGE,FRANY P1 SAUGE,0,AENP60
244,FRANY P1 BLEU MARINE,FRANY P1 BLEU MARINE,0,AENP60
254,FRANY P1 BLANC,FRANY P1 BLANC,0,AENP60
17774,FPOWI,FPOWI,0,BHNP200
17775,FPOWI,FPOWI,0,BHNP200
17776,FPOWI,FPOWI,0,BHNP200
17773,FPOWI,FPOWI,0,BHNP200
478,FPOWER SKINNY P1 ROUGE PHARE,FPOWER SKINNY P1 ROUGE PHARE,180,AENP30
16324,FPOWER SKINNY P1 ,FPOWER SKINNY P1,180,AENP30
16325,FPOWER SKINNY P1,FPOWER SKINNY P1,180,AENP30
16296,FPOWER SKINNY P1,FPOWER SKINNY P1,180,AENP30
16323,FPOWER SKINNY P1,FPOWER SKINNY P1,180,AENP30
16321,FPOWER SKINNY P1,FPOWER SKINNY P1,180,AENP30
17770,FPOWER SKINNY,FPOWER SKINNY,0,BHNP001
17769,FPOWER SKINNY,FPOWER SKINNY,0,BHNP001
17768,FPOWER SKINNY,FPOWER SKINNY,0,BHNP001
17767,FPOWER SKINNY,FPOWER SKINNY,0,BHNP001
17384,FOLIE R1 NOIR,FOLIE R1 NOIR,0,AENR271A
17360,FOLIE R1 CREME,FOLIE R1 CREME,0,AENR271A
16174,FLUNI C1 ,FLUNI C1,0,AENC078
16078,FLUNI C1,FLUNI C1,0,AENC078
17601,FLORENCE T1 NOIR,FLORENCE T1 NOIR,0,AENT224A
17599,FLORENCE T1 AMANDE,FLORENCE T1 AMANDE,0,AENT224A
17803,FLEURIA V1,FLEURIA V1,0,CENW001
18147,FELINE P1 OLIVIER ,FELINE P1 OLIVIER,0,BHNP226
18149,FELINE P1 DENIM BLEU WASHED ,FELINE P1 DENIM BLEU WASHED,0,BHNP226
16227,FELINE P1,FELINE P1,0,BHNP226
17772,FCOATY,FCOATY,0,BHNP198
17771,FCOATY,FCOATY,0,BHNP198
18020,FANNY P2 NOIR,FANNY P2 NOIR,0,BHNP016
18019,FANNY P2,FANNY P2,0,BHNP016
15771,FANNY P1,FANNY P1,0,BHNPA200
17469,FANNY P1,FANNY P1,0,BHNPA200
17178,EXIE P1 ECRU,EXIE P1 ECRU,0,AENP20
17118,EXIE P1 BLEU ELECTRIQUE ,EXIE P1 BLEU ELECTRIQUE,0,AENP20
17220,ESTA SH1 ROUGE ,ESTA SH1 ROUGE,0,AENB003 
16088,ESTA SH1 NOIR,ESTA SH1 NOIR,0,AENB003
17219,ESTA SH1 MOUTARD ,ESTA SH1 MOUTARD,0,AENB003 
17218,ESTA SH1 ECRU,ESTA SH1 ECRU,0,AENB003
17217,ESTA SH1 BLEU MARINE ,ESTA SH1 BLEU MARINE,0,AENB003 
15967,ERINDA P1 ECRU,ERINDA P1 ECRU,211,DNP10Z
831,ERINDA P1,ERINDA P1,211,DNP10Z
485,EPHIE P1 BLEU MARINE,EPHIE P1 BLEU MARINE,127,AENP40
17398,EPHIE P1 BLEU ELECTRIC,EPHIE P1 BLEU ELECTRIC,127,AENP40
17310,EPHEA SH1 MARRON,EPHEA SH1 MARRON,0,BHNB106
17311,EPHEA SH1 GRIS PERLE,EPHEA SH1 GRIS PERLE,0,BHNB106
18069,EPHEA P3 NOIR,EPHEA P3 NOIR,0,BHNP224
18068,EPHEA P3 GRIS PERLE,EPHEA P3 GRIS PERLE,0,BHNP224
18022,EPHEA P2 NOIR,EPHEA P2 NOIR,0,BHNP218
18021,EPHEA P2 GRIS PERLE,EPHEA P2 GRIS PERLE,0,BHNP218
18023,EPHEA J1 NOIR,EPHEA J1 NOIR,0,BHNJ345
18024,EPHEA J1 GRIS PERLE,EPHEA J1 GRIS PERLE,0,BHNJ345
18074,EPAL R2 NOIR,EPAL R2 NOIR,295,BHNR534
18075,EPAL R2 NAVY,EPAL R2 NAVY,295,BHNR534
18076,EPAL R2 ECRU,EPAL R2 ECRU,295,BHNR534
16147,ENOMI SH2 ,ENOMI SH2,0,AENB007
16271,ENOMI SH2,ENOMI SH2,0,AENB007
16270,ENOMI SH2,ENOMI SH2,0,AENB007
16216,ENOMI SH2,ENOMI SH2,0,AENB007
16272,ENOMI SH2,ENOMI SH2,0,AENB007
17314,EMMA J1,EMMA J1,0,BHNJ292
15741,EMMA J1,EMMA J1,0,BHNJ292
6281,EMMA J1,EMMA J1,486,BHNJ292
6266,EMMA J1,EMMA J1,486,BHNJ292
17357,EMARAH SH1,EMARAH SH1,0,AENB028
17358,EMARAH SH1,EMARAH SH1,0,AENB028
17980,ELYSEE R1 ROUGE/ROSE,ELYSEE R1 ROUGE/ROSE,0,BHNR516
17978,ELYSEE R1 NOIR/ECRU,ELYSEE R1 NOIR/ECRU,0,BHNR516
17977,ELYSEE R1 ECRU/NOIR,ELYSEE R1 ECRU/NOIR,0,BHNR516
17976,ELYSEE C1 NAVY,ELYSEE C1 NAVY,0,BHNC370
17973,ELYSEE C1 MASTIC,ELYSEE C1 MASTIC,0,BHNC370
17975,ELYSEE C1 ECRU,ELYSEE C1 ECRU,0,BHNC370
17308,ELYA J1,ELYA J1,0,BHNJ284
15738,ELYA J1,ELYA J1,0,BHNJ284
17876,ELOU D1 VERT DUR,ELOU D1 VERT DUR,0,AEND42A 
17846,ELOU D1 BEIGE,ELOU D1 BEIGE,0,AEND42A 
16798,ELORA V1,ELORA V1,2083,BHNW344
17468,ELORA V1,ELORA V1,2083,BHNW344
18025,ELODIE V1 VERT DUR,ELODIE V1 VERT DUR,0,BHNW360 
16027,ELODIE V1 ROSE,ELODIE V1 ROSE,0,BHNW360
17910,ELODIE V1 MOKA,ELODIE V1 MOKA,0,BHNW360 
18026,ELODIE V1 MENTHOL,ELODIE V1 MENTHOL,0,BHNW360
17632,ELODIE P1 VERT DUR,ELODIE P1 VERT DUR,0,BHNP014
16029,ELODIE P1 ROSE,ELODIE P1 ROSE,0,BHNP014
17676,ELODIE P1 MOKA,ELODIE P1 MOKA,0,BHNP014
18028,ELODIE P1 MENTHOL,ELODIE P1 MENTHOL,0,BHNP014
18030,ELOANE P2 STONE,ELOANE P2 STONE,0,BHNP018
18031,ELOANE P2 GRIS,ELOANE P2 GRIS,0,BHNP018
18032,ELOANE P2 BRUT,ELOANE P2 BRUT,0,BHNP018
18033,ELOANE JEAN P1 STONE,ELOANE JEAN P1 STONE,0,BHNP220
18130,ELOANE JEAN P1 NOIR,ELOANE JEAN P1 NOIR,0,BHNP220
18034,ELOANE JEAN P1 GRIS,ELOANE JEAN P1 GRIS,0,BHNP220
18035,ELOANE JEAN P1 BRUT,ELOANE JEAN P1 BRUT,0,BHNP220
18038,ELOANE D1 STONE,ELOANE D1 STONE,0,BHND359
18039,ELOANE D1 BRUT,ELOANE D1 BRUT,0,BHND359
28,ELLA T1 NOIR,ELLA T1 NOIR,122,DNC17Z
799,ELLA C1,ELLA C1,122,DNC17Z
17966,ELIF R1 VERT RIO,ELIF R1 VERT RIO,0,BHNR511
17965,ELIF R1 ELETRIC BLUE,ELIF R1 ELETRIC BLUE,0,BHNR511
17964,ELIF R1 CORAIL,ELIF R1 CORAIL,0,BHNR511
17967,ELIF R1 AUBERGINE,ELIF R1 AUBERGINE,0,BHNR511
17956,ELIF D1 VERT D'EAU,ELIF D1 VERT D'EAU,0,BHND354
17959,ELIF D1 CORAIL,ELIF D1 CORAIL,0,BHND354
17960,ELIF D1 A DETERMINER,ELIF D1 A DETERMINER,0,BHND354
317,ELIAS R1 ECETRIC BLUE,ELIAS R1 ECETRIC BLUE,0,AENR108
311,ELIAS R1 BLEU MARINE,ELIAS R1 BLEU MARINE,0,AENR108
16351,ELIAS R1 BLEU MAJORELLE,ELIAS R1 BLEU MAJORELLE,0,AENR108
306,ELARY R1 VERT GREEN,ELARY R1 VERT GREEN,0,AENR110
308,ELARY R1 BLEU MARINE,ELARY R1 BLEU MARINE,0,AENR110
17304,EDDA V1 ECRU,EDDA V1 ECRU,100,AENW29
677,EDDA V1,EDDA V1,100,AENW29
17895,EDAN R1 NUDE,EDAN R1 NUDE,0,BHNR497
17894,EDAN R1 NAVY,EDAN R1 NAVY,0,BHNR497
18133,DINAR C1 NAVY,DINAR C1 NAVY,0,BHNC387
18132,DINAR C1 ECRU,DINAR C1 ECRU,0,BHNC387
17581,DINAR C1,DINAR C1,0,AENC212A
17582,DINAR C1,DINAR C1,0,AENC212A
17612,DENTY R1 VERT,DENTY R1 VERT,0,AENR227A 
17613,DENTY R1 BLEU MARINE ,DENTY R1 BLEU MARINE,0,AENR227A 
17630,DENIS M1 BLEU MARINE ,DENIS M1 BLEU MARINE,0,BHNK086
16856,DENIS M1 BEIGE,DENIS M1 BEIGE,0,BHNK086
18048,DENIS K1 VIOLET ,DENIS K1 VIOLET,0,BHNK089
18049,DENIS K1 BLEU MARINE,DENIS K1 BLEU MARINE,0,BHNK089
18047,DENIS K1 BEIGE,DENIS K1 BEIGE,0,BHNK089
16293,DEBI C1,DEBI C1,0,AENC182A
16295,DEBI C1,DEBI C1,0,AENC182A
16294,DEBI C1,DEBI C1,0,AENC182A
17417,DEBBIE P1 ROUGE,DEBBIE P1 ROUGE,0,AENP95A
15968,DEBBIE P1 NOIR,DEBBIE P1 NOIR,0,AENP95A
17216,DEBBIE P1 BLEU MARINE ,DEBBIE P1 BLEU MARINE,0,AENP95A
17529,DEBBIE K1 ROUGE,DEBBIE K1 ROUGE,0,AENK52A 
17528,DEBBIE K1 BLEU MARINE ,DEBBIE K1 BLEU MARINE,0,AENK52A 
17845,DAILY P1 SKINNY NOIR,DAILY P1 SKINNY NOIR,0,AENP128A  
17663,DAILY P1 SKINNY CHARCOAL ,DAILY P1 SKINNY CHARCOAL,0,AENP128A  
16382,CRYSTAL R1 VERT,CRYSTAL R1 VERT,0,AENR163
16173,COQCINELLE C1 ,COQCINELLE C1,0,AENC076
16076,COQCINELLE C1,COQCINELLE C1,0,AENC076
16170,COBURLY C1 ,COBURLY C1,0,AENC077
16077,COBURLY C1,COBURLY C1,0,AENC077
16269,CLOWIS J1,CLOWIS J1,0,AENJ149
16267,CLOWIS J1,CLOWIS J1,0,AENJ149
16268,CLOWIS J1,CLOWIS J1,0,AENJ149
17281,CLEOPA J1 VANILLE,CLEOPA J1 VANILLE,0,AENJ114A
17740,CLEOPA J1 BLEU,CLEOPA J1 BLEU,0,AENJ114A
16854,CHILI C2 IMPRIME CREME ,CHILI C2 IMPRIME CREME,0,AENC400
17079,CHILI C2,CHILI C2,0,AENC400
17424,CESME R1 ORANGER ,CESME R1 ORANGER,0,AENR183A
17425,CESME R1 BLEU/BLANC,CESME R1 BLEU/BLANC,0,AENR183A
98,CEESSE C1 ROUGE FEU,CEESSE C1 ROUGE FEU,0,CEESSE C1
16851,CEESSE C1 ROUGE FEU,CEESSE C1 ROUGE FEU,0,AENC114A
16852,CEESSE C1 NOIR,CEESSE C1 NOIR,0,AENC114A
88,CEESSE C1 NOIR,CEESSE C1 NOIR,0,CEESSE C1
105,CEESSE C1 BLANC,CEESSE C1 BLANC,0,AENC114A
17064,CATHIE C1 PRUNE,CATHIE C1 PRUNE,0,AENC122A 
17063,CATHIE C1 KAKI,CATHIE C1 KAKI,0,AENC122A 
17271,CASH R1 LUREX ,CASH R1 LUREX,0,XENR361
17269,CASH R1 BLEU,CASH R1 BLEU,0,XENR361
17990,CARNABY R1 ROUGE,CARNABY R1 ROUGE,0,BHNR521
17986,CARNABY R1 NUDE,CARNABY R1 NUDE,0,BHNR521
17988,CARNABY R1 NOIR,CARNABY R1 NOIR,0,BHNR521
17327,CANON R1,CANON R1,0,BHNR269A
15666,CANON R1,CANON R1,0,BHNR269A
17300,CANELIA C1 SABLE,CANELIA C1 SABLE,0,BHNC340
18178,CANELIA C1 NOIR,CANELIA C1 NOIR,0,BHNC340
16318,BRISA L1,BRISA L1,0,BHNH001
17061,BRIANNA M1 SABLE,BRIANNA M1 SABLE,0,AENK4
17116,BRIANNA M1 KAKI,BRIANNA M1 KAKI,0,AENK4
17313,BOUCLETTE K1 ,BOUCLETTE K1,0,BHNH028
15729,BOUCLETTE K1,BOUCLETTE K1,0,BHNH028
17120,BOUBOU R1 IMPRIME ,BOUBOU R1 IMPRIME,0,AENR216A
16007,BOUBA R2,BOUBA R2,0,AENR216A
17048,BLURRY T2,BLURRY T2,0,AENR248A
17352,BLURRY R1,BLURRY R1,0,AENR248A
267,BISMA R2 VERT ZELLIGE,BISMA R2 VERT ZELLIGE,0,AENR128A
320,BISMA R2 NOIR,BISMA R2 NOIR,0,AENR128A
17447,BIRD C1 ROUGE,BIRD C1 ROUGE,0,XENC380
17446,BIRD C1 JAUNE ,BIRD C1 JAUNE,0,XENC380
17102,BETINE R1 BYZANCE ,BETINE R1 BYZANCE,0,AENR258A
17921,BETINE R1 BLEU VIOLET ,BETINE R1 BLEU VIOLET,0,AENR258A
18052,BEN M1 MARINE,BEN M1 MARINE,0,BHNH035
18051,BEN M1 CAMEL,BEN M1 CAMEL,0,BHNH035
17322,BELLE R1,BELLE R1,0,BHNR465
15726,BELLE R1,BELLE R1,0,BHNR465
17195,BAMBO C1 VANILLE,BAMBO C1 VANILLE,0,AENC177A
16228,BAMBO C1 MENTHOL,BAMBO C1 MENTHOL,0,AENC177A
17196,BAMBO C1 CORAIL,BAMBO C1 CORAIL,0,AENC177A
81,BAMBI C1 ROUGE ORANGE,BAMBI C1 ROUGE ORANGE,0,BAMBI C1
83,BAMBI C1 BLEU PETROLE,BAMBI C1 BLEU PETROLE,0,BAMBI C1
17519,BAGUETTE,BAGUETTE,0,AENXM008
17518,BAGUETTE,BAGUETTE,0,AENXM008
17517,BAGUETTE,BAGUETTE,0,AENXM008
16344,BABETTE L1 VERT SAPIN,BABETTE L1 VERT SAPIN,0,AENK50A
15933,BABETTE L1 CREME,BABETTE L1 CREME,0,AENK50A
16902,AZUR R1,AZUR R1,0,AENR410
17483,AROMAZA M1,AROMAZA M1,0,BHNH006
15863,AROMAZA M1,AROMAZA M1,0,BHNH006
17482,AROMAZA M1,AROMAZA M1,0,BHNH006
15864,ARCADIA M1 VERTIGE,ARCADIA M1 VERTIGE,0,BHNH007
17480,ARCADIA M1 NOIR,ARCADIA M1 NOIR,0,BHNH007
18062,ARCADIA M1 NAVY,ARCADIA M1 NAVY,0,BHNH007
17479,ARCADIA M1 BEIGE CLAIR,ARCADIA M1 BEIGE CLAIR,0,BHNH007
15862,ANOUKI M1,ANOUKI M1,0,BHNH005
17481,ANOUKI M1,ANOUKI M1,0,BHNH005
15941,ANGELA R1- VERT,ANGELA R1- VERT,0,AENR203Ä
15940,ANGELA R1- MAUVE,ANGELA R1- MAUVE,0,AENR203Ä
15717,ANGELA R1 MAUVE,ANGELA R1 MAUVE,0,AENR203A
18065,ANAYA M2 ROUGE,ANAYA M2 ROUGE,0,BHNH038
18064,ANAYA M2 NOIR,ANAYA M2 NOIR,0,BHNH038
17478,ANAYA M1,ANAYA M1,0,BHNH003
15860,ANAYA M1,ANAYA M1,0,BHNH003
17329,AMETHY R1,AMETHY R1,0,BHNR463
15722,AMETHY R1,AMETHY R1,0,BHNR463
17331,AMETHY C1,AMETHY C1,0,BHNC341
15721,AMETHY C1,AMETHY C1,0,BHNC341
17477,ALLIE M1,ALLIE M1,0,BHNH008
15893,ALLIE M1,ALLIE M1,0,BHNH008
17423,ALACATI MC VERT ,ALACATI MC VERT,0,AENU120A
17422,ALACATI MC ROSE,ALACATI MC ROSE,0,AENU120A
15718,AGNELLAT R1 VERT,AGNELLAT R1 VERT,0,AENR203A
17471,ACHAMEAU M1,ACHAMEAU M1,0,BHNH002
17470,ACHAMEAU M1,ACHAMEAU M1,0,BHNH002
15859,ACHAMEAU M1,ACHAMEAU M1,0,BHNH002
17472,ACARRY M1,ACARRY M1,0,BHNH001
15858,ACARRY M1,ACARRY M1,0,BHNH001
